{
  "/login?returnurl=/User" : {
    "transaction" : "/login?returnurl=/User",
    "sampleCount" : 3000,
    "errorCount" : 404,
    "errorPct" : 13.466666,
    "meanResTime" : 3510.7139999999986,
    "medianResTime" : 3313.5,
    "minResTime" : 227.0,
    "maxResTime" : 7341.0,
    "pct1ResTime" : 5580.8,
    "pct2ResTime" : 5868.95,
    "pct3ResTime" : 6379.98,
    "throughput" : 25.490479305979218,
    "receivedKBytesPerSec" : 486.89732939434623,
    "sentKBytesPerSec" : 83.0990704073591
  },
  "/login?returnurl=/User-0" : {
    "transaction" : "/login?returnurl=/User-0",
    "sampleCount" : 2287,
    "errorCount" : 0,
    "errorPct" : 0.0,
    "meanResTime" : 1734.0476606908635,
    "medianResTime" : 1689.0,
    "minResTime" : 179.0,
    "maxResTime" : 5739.0,
    "pct1ResTime" : 2594.800000000001,
    "pct2ResTime" : 2877.999999999999,
    "pct3ResTime" : 4800.359999999989,
    "throughput" : 19.488044719396015,
    "receivedKBytesPerSec" : 22.89464628655606,
    "sentKBytesPerSec" : 37.6273640411703
  },
  "/login?returnurl=/User-1" : {
    "transaction" : "/login?returnurl=/User-1",
    "sampleCount" : 2287,
    "errorCount" : 154,
    "errorPct" : 6.733712,
    "meanResTime" : 2105.261040664625,
    "medianResTime" : 1967.0,
    "minResTime" : 241.0,
    "maxResTime" : 4470.0,
    "pct1ResTime" : 3166.0,
    "pct2ResTime" : 3349.7999999999997,
    "pct3ResTime" : 3675.3599999999997,
    "throughput" : 19.516482766271558,
    "receivedKBytesPerSec" : 432.8644636620713,
    "sentKBytesPerSec" : 33.944195123759414
  },
  "/User" : {
    "transaction" : "/User",
    "sampleCount" : 6000,
    "errorCount" : 341,
    "errorPct" : 5.6833334,
    "meanResTime" : 1529.0980000000066,
    "medianResTime" : 1006.0,
    "minResTime" : 182.0,
    "maxResTime" : 13505.0,
    "pct1ResTime" : 3086.0,
    "pct2ResTime" : 3475.95,
    "pct3ResTime" : 9125.739999999972,
    "throughput" : 50.61454493306226,
    "receivedKBytesPerSec" : 1061.5985272749128,
    "sentKBytesPerSec" : 86.21029460301325
  },
  "Total" : {
    "transaction" : "Total",
    "sampleCount" : 17506,
    "errorCount" : 899,
    "errorPct" : 5.135382,
    "meanResTime" : 1929.7522563692419,
    "medianResTime" : 1559.5,
    "minResTime" : 139.0,
    "maxResTime" : 18831.0,
    "pct1ResTime" : 4073.0,
    "pct2ResTime" : 5411.299999999996,
    "pct3ResTime" : 9537.530000000006,
    "throughput" : 144.26872584327072,
    "receivedKBytesPerSec" : 2073.6211252657754,
    "sentKBytesPerSec" : 280.9061110601765
  },
  "/User-0" : {
    "transaction" : "/User-0",
    "sampleCount" : 466,
    "errorCount" : 0,
    "errorPct" : 0.0,
    "meanResTime" : 361.1309012875536,
    "medianResTime" : 173.5,
    "minResTime" : 139.0,
    "maxResTime" : 2317.0,
    "pct1ResTime" : 1080.9,
    "pct2ResTime" : 1699.6499999999983,
    "pct3ResTime" : 2133.5099999999975,
    "throughput" : 5.5651093914206555,
    "receivedKBytesPerSec" : 1.1249781679922612,
    "sentKBytesPerSec" : 4.183698431678131
  },
  "/User-1" : {
    "transaction" : "/User-1",
    "sampleCount" : 466,
    "errorCount" : 0,
    "errorPct" : 0.0,
    "meanResTime" : 3328.718884120172,
    "medianResTime" : 2247.0,
    "minResTime" : 208.0,
    "maxResTime" : 13361.0,
    "pct1ResTime" : 9576.0,
    "pct2ResTime" : 10622.25,
    "pct3ResTime" : 12766.309999999998,
    "throughput" : 5.46589096368584,
    "receivedKBytesPerSec" : 28.387275345723467,
    "sentKBytesPerSec" : 4.210526605165619
  },
  "/" : {
    "transaction" : "/",
    "sampleCount" : 3000,
    "errorCount" : 0,
    "errorPct" : 0.0,
    "meanResTime" : 1191.8480000000022,
    "medianResTime" : 179.0,
    "minResTime" : 140.0,
    "maxResTime" : 18831.0,
    "pct1ResTime" : 4774.000000000002,
    "pct2ResTime" : 6825.549999999998,
    "pct3ResTime" : 15530.719999999972,
    "throughput" : 24.95155240241864,
    "receivedKBytesPerSec" : 104.34222639583142,
    "sentKBytesPerSec" : 41.449913592254205
  }
}